C,l1_ratio,peso,roc_auc,pr_auc,precision,recall,f2,accuracy,tp,fn,fp,tn
0.05,0.0,3,0.6650759535017284,0.21813319551484395,0.3157894736842105,0.12628170534268754,0.14350545811357782,0.8658844309866263,234,1619,507,13492
0.05,0.0,5,0.6655875543033738,0.2183853562456025,0.2384,0.32164058283864005,0.3006456820016142,0.8005929851122887,596,1257,1904,12095
0.05,0.0,7,0.6657860882592531,0.21835530494240268,0.19577735124760076,0.4954128440366973,0.3793074952483266,0.7031289427201615,918,935,3771,10228
0.05,0.25,3,0.6649768407249196,0.21789764476110454,0.3246930422919509,0.12844036697247707,0.14610190300798034,0.8668937673479687,238,1615,495,13504
0.05,0.25,5,0.6655611473597276,0.21834765445532503,0.23888439773645917,0.3189422558014031,0.2989075460246814,0.8016023214736311,591,1262,1883,12116
0.05,0.25,7,0.665794954824273,0.21832344338124487,0.19510117145899894,0.49433351322180247,0.37829354918642105,0.7024981074943225,916,937,3779,10220
0.05,0.5,3,0.6645884080764847,0.2176913255373078,0.3232876712328767,0.1273610361575823,0.14492753623188406,0.8668306838253849,236,1617,494,13505
0.05,0.5,5,0.6653016654069077,0.21800507556341497,0.2389987888574889,0.3194819212088505,0.29932247952270197,0.8015392379510472,592,1261,1885,12114
0.05,0.5,7,0.6656089497102696,0.2182381658140296,0.19670729099850331,0.496492174851592,0.38051120853668624,0.704138279081504,920,933,3757,10242
0.05,0.75,3,0.664127655097714,0.21708795018155116,0.3223593964334705,0.12682137075013492,0.14433116324775827,0.8667676003028009,235,1618,494,13505
0.05,0.75,5,0.6651532853688146,0.21789955053675186,0.2389987888574889,0.3194819212088505,0.29932247952270197,0.8015392379510472,592,1261,1885,12114
0.05,0.75,7,0.6654120348662635,0.2180257301449316,0.19536281665951052,0.4910955207771182,0.37696768848384427,0.7040751955589201,910,943,3748,10251
0.05,1.0,3,0.6636056842700235,0.2165269956080239,0.32409972299168976,0.12628170534268754,0.14384066879763954,0.8670830179157204,234,1619,488,13511
0.05,1.0,5,0.664979693445839,0.2176609360403922,0.23954526999593992,0.31840259039395574,0.29873417721518986,0.8021700731768862,590,1263,1873,12126
0.05,1.0,7,0.6654131142741788,0.21775397526442963,0.19607843137254902,0.4910955207771182,0.37749937774827846,0.7051476154428463,910,943,3731,10268
0.1,0.0,3,0.6654283030855608,0.2189438456561787,0.31341301460823373,0.1273610361575823,0.14451928965094918,0.8653797628059551,236,1617,517,13482
0.1,0.0,5,0.6658225568266826,0.21895736816644248,0.23934687375547592,0.32433890987587694,0.3028318048977124,0.8005299015897047,601,1252,1910,12089
0.1,0.0,7,0.665964576068131,0.21890469845924893,0.19594450373532551,0.4954128440366973,0.3794329172522113,0.7033812768104971,918,935,3767,10232
0.1,0.25,3,0.6654554039342954,0.2188324650595842,0.3156498673740053,0.12844036697247707,0.14572618172912075,0.8655690133737068,238,1615,516,13483
0.1,0.25,5,0.6659328877357557,0.21895394569185767,0.23857257417802727,0.3211009174311927,0.300323036543509,0.8008453192026243,595,1258,1899,12100
0.1,0.25,7,0.6661161557796877,0.21891827680249976,0.19607424791977812,0.49595250944414465,0.3797834531779486,0.7033812768104971,919,934,3768,10231
0.1,0.5,3,0.6653932223283083,0.2187505359398696,0.3156498673740053,0.12844036697247707,0.14572618172912075,0.8655690133737068,238,1615,516,13483
0.1,0.5,5,0.6658941061513645,0.21892068016192306,0.2375601926163724,0.3194819212088505,0.2988691437802908,0.8005929851122887,592,1261,1900,12099
0.1,0.5,7,0.6660806509693256,0.21891723048907274,0.19542930371636053,0.4937938478143551,0.3782867537621961,0.7031920262427453,915,938,3767,10232
0.1,0.75,3,0.6650850128181617,0.21841966094094684,0.3181208053691275,0.1279007015650297,0.14527399779330635,0.8660105980317941,237,1616,508,13491
0.1,0.75,5,0.6658029347327907,0.21886978016782543,0.23732904263877716,0.31840259039395574,0.2980400080824409,0.8007191521574565,590,1263,1896,12103
0.1,0.75,7,0.6660688160325381,0.21889595786779037,0.1959906163361058,0.49595250944414465,0.37972068424097183,0.7032551097653293,919,934,3770,10229
0.1,1.0,3,0.664936979732613,0.2184989761453391,0.32075471698113206,0.12844036697247707,0.14594064262938436,0.8663260156447136,238,1615,504,13495
0.1,1.0,5,0.6655745628581056,0.21870857849000125,0.2376357056694813,0.3189422558014031,0.2985150015153046,0.8007822356800404,591,1262,1896,12103
0.1,1.0,7,0.6658918702349682,0.2188451045615707,0.19696321642429426,0.4970318402590394,0.3809563203176704,0.7043275296492556,921,932,3755,10244
0.5,0.0,3,0.6655523193449906,0.21946261117749558,0.31483870967741934,0.13167835941716136,0.14901673384634176,0.8650012616704517,244,1609,531,13468
0.5,0.0,5,0.6657264509719238,0.2193429987305687,0.24144789180588702,0.32757690232056125,0.3057626435623615,0.8010976532929599,607,1246,1907,12092
0.5,0.0,7,0.6657294964442568,0.2190952627526465,0.19517918088737202,0.4937938478143551,0.378099173553719,0.702813525107242,915,938,3773,10226
0.5,0.25,3,0.6657560961393163,0.21953557448269906,0.3138780804150454,0.1305990286022666,0.14786753024563118,0.8650012616704517,242,1611,529,13470
0.5,0.25,5,0.6659181229774834,0.21943110476480443,0.24105011933174225,0.32703723691311387,0.30525891597823895,0.8009714862477921,606,1247,1908,12091
0.5,0.25,7,0.6659180458769182,0.21917518180659998,0.19496587030716722,0.4932541824069077,0.3776859504132231,0.7026873580620742,914,939,3774,10225
0.5,0.5,3,0.6658312691905717,0.21953925725047654,0.3117723156532988,0.1300593631948192,0.1472205253512523,0.8647489275801161,241,1612,532,13467
0.5,0.5,5,0.6660709748483692,0.21946085865374076,0.24073335990434436,0.3259579060982191,0.30440479790343716,0.801034569770376,604,1249,1905,12094
0.5,0.5,7,0.6660407128764537,0.2192077090260992,0.19539249146757678,0.49433351322180247,0.3785123966942149,0.7029396921524098,916,937,3772,10227
0.5,0.75,3,0.6657998507101753,0.219472605426907,0.312987012987013,0.1300593631948192,0.14727450501099976,0.8649381781478678,241,1612,529,13470
0.5,0.75,5,0.666098422649648,0.2194943662011514,0.2411319250697489,0.3264975715056665,0.3049087793569197,0.8011607368155438,605,1248,1904,12095
0.5,0.75,7,0.6661432951787051,0.21924813211767655,0.1953091684434968,0.49433351322180247,0.37844984300115686,0.702813525107242,916,937,3774,10225
0.5,1.0,3,0.6657932971621171,0.21947909109562802,0.312987012987013,0.1300593631948192,0.14727450501099976,0.8649381781478678,241,1612,529,13470
0.5,1.0,5,0.6661018921750905,0.21948111640344264,0.24062250598563448,0.32541824069077174,0.3039927404718693,0.8010976532929599,603,1250,1903,12096
0.5,1.0,7,0.6661403653572202,0.21919567889025807,0.19572649572649573,0.49433351322180247,0.3787628183923255,0.703444360333081,916,937,3764,10235
1.0,0.0,3,0.6654094905476056,0.21943592086716546,0.31443298969072164,0.13167835941716136,0.14899853444064484,0.8649381781478678,244,1609,532,13467
1.0,0.0,5,0.665544686389017,0.2192619839649791,0.24135188866799204,0.32757690232056125,0.30573184244988416,0.801034569770376,607,1246,1908,12091
1.0,0.0,7,0.6655576392840026,0.2190319428927031,0.19517918088737202,0.4937938478143551,0.378099173553719,0.702813525107242,915,938,3773,10226
1.0,0.25,3,0.6655558659709986,0.2194741995668152,0.3131443298969072,0.13113869400971398,0.14838788470933073,0.8648120111027,243,1610,533,13466
1.0,0.25,5,0.6656670064360082,0.2193135514772618,0.24135188866799204,0.32757690232056125,0.30573184244988416,0.801034569770376,607,1246,1908,12091
1.0,0.25,7,0.6656552871500689,0.219082994130135,0.19517918088737202,0.4937938478143551,0.378099173553719,0.702813525107242,915,938,3773,10226
1.0,0.5,3,0.665683467406719,0.2194946449408555,0.3131443298969072,0.13113869400971398,0.14838788470933073,0.8648120111027,243,1610,533,13466
1.0,0.5,5,0.6657812694739161,0.219347903958485,0.24154397134898528,0.32757690232056125,0.3057934508816121,0.8011607368155438,607,1246,1906,12093
1.0,0.5,7,0.6657788793563891,0.21910643539831343,0.19517918088737202,0.4937938478143551,0.378099173553719,0.702813525107242,915,938,3773,10226
1.0,0.75,3,0.6657577152511895,0.21950289151891098,0.3127413127413127,0.13113869400971398,0.14836976431798754,0.8647489275801161,243,1610,534,13465
1.0,0.75,5,0.6658764115716075,0.219364792348404,0.24133811230585425,0.32703723691311387,0.30535120427290136,0.8011607368155438,606,1247,1905,12094
1.0,0.75,7,0.665842602973684,0.2191343385197379,0.1949242908935807,0.4932541824069077,0.3776547392777456,0.7026242745394903,914,939,3775,10224
1.0,1.0,3,0.6657767205405583,0.21947625229301826,0.3127413127413127,0.13113869400971398,0.14836976431798754,0.8647489275801161,243,1610,534,13465
1.0,1.0,5,0.6659597572827941,0.21938149936925322,0.24172317510969285,0.32703723691311387,0.30547434217158986,0.8014130709058794,606,1247,1901,12098
1.0,1.0,7,0.6659136511446908,0.2191590944035583,0.19518431706797357,0.49433351322180247,0.37835605121850474,0.7026242745394903,916,937,3777,10222
2.0,0.0,3,0.665271403434992,0.21934329692184296,0.3157894736842105,0.13275769023205614,0.15016481504089854,0.8650012616704517,246,1607,533,13466
2.0,0.0,5,0.6654070618797958,0.2191779660050265,0.24144789180588702,0.32757690232056125,0.3057626435623615,0.8010976532929599,607,1246,1907,12092
2.0,0.0,7,0.6654319653624168,0.21896960861785603,0.19522082355451248,0.4937938478143551,0.37813042400198366,0.7028766086298259,915,938,3772,10227
2.0,0.25,3,0.6653533613360018,0.2193564676895001,0.31666666666666665,0.1332973556395035,0.1507568359375,0.8650643451930355,247,1606,533,13466
2.0,0.25,5,0.665469089284652,0.21920862755488987,0.24154397134898528,0.32757690232056125,0.3057934508816121,0.8011607368155438,607,1246,1906,12093
2.0,0.25,7,0.6654897907864593,0.21898782135012723,0.19526248399487836,0.4937938478143551,0.3781616796164655,0.7029396921524098,915,938,3771,10228
2.0,0.5,3,0.665452165710549,0.2193598740231206,0.31498079385403327,0.13275769023205614,0.15012815818381545,0.8648750946252839,246,1607,535,13464
2.0,0.5,5,0.6655442623359074,0.2192213029035084,0.2412420382165605,0.32703723691311387,0.3053204353083434,0.8010976532929599,606,1247,1906,12093
2.0,0.5,7,0.6655512013867925,0.21898192569288227,0.19522082355451248,0.4937938478143551,0.37813042400198366,0.7028766086298259,915,938,3772,10227
2.0,0.75,3,0.6654935301638808,0.2193468321353927,0.3141025641025641,0.13221802482460873,0.1495361328125,0.8648120111027,245,1608,535,13464
2.0,0.75,5,0.6656289958572709,0.2192421314352374,0.24133811230585425,0.32703723691311387,0.30535120427290136,0.8011607368155438,606,1247,1905,12094
2.0,0.75,7,0.6656296897623595,0.21900191572449357,0.19526248399487836,0.4937938478143551,0.3781616796164655,0.7029396921524098,915,938,3771,10228
2.0,1.0,3,0.6655608389574663,0.21934559080569674,0.3141025641025641,0.13221802482460873,0.1495361328125,0.8648120111027,245,1608,535,13464
2.0,1.0,5,0.6656683171456198,0.21924929465950815,0.24164012738853502,0.32757690232056125,0.30582426440951227,0.8012238203381277,607,1246,1905,12094
2.0,1.0,7,0.6656846239151998,0.21902780976584146,0.19526248399487836,0.4937938478143551,0.3781616796164655,0.7029396921524098,915,938,3771,10228
